{"schemaVersion":"1.0","appDefinitionTemplate":{"id":"/providers/Microsoft.PowerApps/apps/","type":"Microsoft.PowerApps/apps","tags":{"primaryDeviceWidth":"1366","primaryDeviceHeight":"768","sienaVersion":"20201116T002900Z-3.20104.43.0","deviceCapabilities":"webcam","supportsPortrait":"false","supportsLandscape":"true","primaryFormFactor":"Tablet","publisherVersion":"3.20104.43","minimumRequiredApiVersion":"2.2.0","hasComponent":"false","hasUnlockedComponent":"false","isUnifiedRootApp":"false"},"properties":{"appVersion":"2020-11-16T00:29:00Z","lifeCycleId":"Published","createdByClientVersion":{"major":3,"minor":20104,"build":43,"revision":0,"majorRevision":0,"minorRevision":0},"minClientVersion":{"major":3,"minor":20104,"build":43,"revision":0,"majorRevision":0,"minorRevision":0},"backgroundColor":"rgba(0, 176, 240, 1)","backgroundImageUri":"/14605964597633223628/Nc3467e39-fa42-4711-be89-e2bd80637dde-logoSmallFile","displayName":"Persons Counter App","description":"","commitMessage":"","appUris":{"documentUri":{"value":"/14605964597633223628/N9034729a-8640-4d04-9dec-3c3bee24b76b-document.msapp"},"imageUris":[]},"createdTime":"0001-01-01T00:00:00Z","lastModifiedTime":"0001-01-01T00:00:00Z","sharedGroupsCount":0,"sharedUsersCount":0,"icons":{"smallIconUri":"/14605964597633223628/N4b63c761-5444-4e5f-a4f9-252964a836d6-small.png","mediumIconUri":"/14605964597633223628/N697eb6e4-9cd2-49a7-b1a4-78bc802fd9d1-medium.png","largeIconUri":"/14605964597633223628/N4093fcbc-45a3-436b-b35e-155e3457c15d-large.png","wideIconUri":"/14605964597633223628/N74961063-e6d1-4380-9e13-62679f04d8ab-wide.png"},"connectionReferences":{"b398ff25-c93e-4035-9409-6bbf00fe0c6f":{"id":"1337e59a-45f9-473a-9513-c700b64ef9f1","displayName":"Logic flows","iconUri":"https://resourcestackdeploy.blob.core.windows.net/scripts/13276078.png","dataSources":["PeopleCountFlow"],"dependencies":["7f063bd7-e669-4e1e-891d-3aed9f178678","fa33882c-1e3d-43de-b8cc-285e13bdbaa0"],"dependents":[],"parameterHints":{"workflowName":{"value":"ec673540-6c83-4859-9a05-c141f0916f11"},"7f063bd7-e669-4e1e-891d-3aed9f178678":{"value":"shared_commondataserviceforapps"},"fa33882c-1e3d-43de-b8cc-285e13bdbaa0":{"value":"shared_twilio_1"}},"isOnPremiseConnection":false,"bypassConsent":false,"dataSets":{},"apiTier":"Standard","isCustomApiConnection":false,"actions":["Run"]},"7f063bd7-e669-4e1e-891d-3aed9f178678":{"id":"87434730-3c25-4797-85b0-6d5d84351e46","displayName":"Common Data Service (current environment)","iconUri":"https://connectoricons-prod.azureedge.net/releases/v1.0.1414/1.0.1414.2210/commondataserviceforapps/icon.png","dataSources":[],"dependencies":[],"dependents":["b398ff25-c93e-4035-9409-6bbf00fe0c6f"],"parameterHints":{},"isOnPremiseConnection":false,"bypassConsent":false,"dataSets":{},"apiTier":"Premium","isCustomApiConnection":false},"fa33882c-1e3d-43de-b8cc-285e13bdbaa0":{"id":"1f213bbc-5c0a-4d20-868e-75e915ca80c7","displayName":"Twilio","iconUri":"https://connectoricons-prod.azureedge.net/releases/v1.0.1403/1.0.1403.2163/twilio/icon.png","dataSources":[],"dependencies":[],"dependents":["b398ff25-c93e-4035-9409-6bbf00fe0c6f"],"parameterHints":{},"isOnPremiseConnection":false,"sharedConnectionId":"85f028a4-b9c2-4e54-aea4-ea077203498a","bypassConsent":false,"dataSets":{},"apiTier":"Standard","isCustomApiConnection":false}},"databaseReferences":{},"almMode":"Solution","performanceOptimizationEnabled":true,"canConsumeAppPass":true,"executionRestrictions":{"isTeamsOnly":false,"dataLossPreventionEvaluationResult":{"status":"Compliant","lastEvaluationDate":"2020-11-02T04:12:44.7775336Z","violationDetails":[]}}},"isAppComponentLibrary":false,"appType":"ClassicCanvasApp","appComponents":[]}}