{"name":"a3bc5a89-ae42-4ed9-83d8-02fcae7279d2","id":"/providers/Microsoft.Flow/flows/a3bc5a89-ae42-4ed9-83d8-02fcae7279d2","type":"Microsoft.Flow/flows","properties":{"apiId":"/providers/Microsoft.PowerApps/apis/shared_logicflows","displayName":"People Count Flow","definition":{"metadata":{"workflowEntityId":null,"flowclientsuspensionreason":"None","flowclientsuspensiontime":null,"creator":{"id":"64cbd3bf-1344-4b6c-a7ca-8ee61886088c","type":"User","tenantId":"6f55f162-0e92-4b44-8d51-56ffc7f91fd7"},"provisioningMethod":"FromDefinition","failureAlertSubscription":true,"clientLastModifiedTime":"2020-11-08T04:18:41.1958605Z"},"$schema":"https://schema.management.azure.com/providers/Microsoft.Logic/schemas/2016-06-01/workflowdefinition.json#","contentVersion":"1.0.0.0","parameters":{"$connections":{"defaultValue":{},"type":"Object"},"$authentication":{"defaultValue":{},"type":"SecureObject"},"cdsruntimecertificate":{"type":"String"},"cdsruntimecertificatepassword":{"type":"SecureString"}},"triggers":{"manual":{"type":"Request","kind":"PowerApp","inputs":{"schema":{"type":"object","properties":{"Detectandcountobjectsinimages_Image":{"type":"string","format":"byte","description":"Select image with objects to detect","x-ms-powerflows-param-ispartial":false}},"required":["Detectandcountobjectsinimages_Image"]}}}},"actions":{"Detect_and_count_objects_in_images":{"runAfter":{},"metadata":{"flowSystemMetadata":{"portalOperationId":"aibuilderpredict_objectdetection","portalOperationGroup":"aibuilder","portalOperationIconOverride":"https://psuxemea.azureedge.net/Content/Images/DesignerOperations/aiBuilder.png","portalOperationBrandColorOverride":"#742775","portalOperationApiDisplayNameOverride":"AI Builder"}},"type":"OpenApiConnection","inputs":{"host":{"apiId":"/providers/Microsoft.PowerApps/apis/shared_commondataserviceforapps","connectionName":"shared_commondataserviceforapps","operationId":"aibuilderpredict_objectdetection"},"parameters":{"recordId":"97bdd1d1-980a-4000-8cf8-d0af3fee6940","item/requestv2/base64Encoded":"@triggerBody()['Detectandcountobjectsinimages_Image']"},"authentication":"@parameters('$authentication')"}},"Respond_to_a_PowerApp_or_flow":{"runAfter":{"Condition":["Succeeded"]},"type":"Response","kind":"PowerApp","inputs":{"statusCode":200,"body":{"count":"@{outputs('Count_of_Objects_(People)')}"},"schema":{"type":"object","properties":{"count":{"title":"Count","x-ms-dynamically-added":true,"type":"string"}}}}},"Count_of_Objects_(People)":{"runAfter":{"Detect_and_count_objects_in_images":["Succeeded"]},"type":"Compose","inputs":"@length(outputs('Detect_and_count_objects_in_images')?['body/responsev2/predictionOutput/results'])"},"Condition":{"actions":{"Send_Text_Message_(SMS)":{"runAfter":{},"type":"OpenApiConnection","inputs":{"host":{"apiId":"/providers/Microsoft.PowerApps/apis/shared_twilio","connectionName":"shared_twilio_1","operationId":"SendMessage"},"parameters":{"sendMessageRequest/from":"+12029331653","sendMessageRequest/to":"+61415832833","sendMessageRequest/body":"You've now reached the limit of having maximum number of people in your store. Please stop taking in customers. "},"authentication":{"value":"@json(decodeBase64(triggerOutputs().headers['X-MS-APIM-Tokens']))['$ConnectionKey']","type":"Raw"}}}},"runAfter":{"Count_of_Objects_(People)":["Succeeded"]},"expression":{"greater":["@outputs('Count_of_Objects_(People)')",10]},"type":"If"}},"outputs":{},"description":"Create one or more actions to happen when a button or link in PowerApps is selected. To use this flow from a PowerApp, select the control you want to trigger the flow and go to the Action tab in the PowerApps ribbon and select Flows."},"connectionReferences":{"shared_commondataserviceforapps":{"connectionName":"shared-commondataser-67f8c800-9c64-4a75-baf0-2948-ec0e004b","source":"Embedded","id":"/providers/Microsoft.PowerApps/apis/shared_commondataserviceforapps","tier":"NotSpecified"},"shared_twilio_1":{"connectionName":"shared-twilio-ac517a39-0394-40d3-91de-5cc3-8720ac53","source":"Invoker","id":"/providers/Microsoft.PowerApps/apis/shared_twilio","tier":"NotSpecified"}},"flowFailureAlertSubscribed":false}}