{"name":"6f0935e5-59bd-4c2e-8a70-030d3220f620","id":"/providers/Microsoft.Flow/flows/6f0935e5-59bd-4c2e-8a70-030d3220f620","type":"Microsoft.Flow/flows","properties":{"apiId":"/providers/Microsoft.PowerApps/apis/shared_logicflows","displayName":"Debit Card Flow","definition":{"metadata":{"workflowEntityId":null,"creator":{"id":"ab78b6e1-0ca6-4c58-a6fb-1a0162a93ed3","type":"User","tenantId":"7bd49711-13f2-4c6d-80ba-5c76843d4d24"},"provisioningMethod":"FromDefinition","failureAlertSubscription":true,"clientLastModifiedTime":"2019-07-17T00:39:29.957163Z"},"$schema":"https://schema.management.azure.com/providers/Microsoft.Logic/schemas/2016-06-01/workflowdefinition.json#","contentVersion":"1.0.0.0","parameters":{"$connections":{"defaultValue":{},"type":"Object"},"$authentication":{"defaultValue":{},"type":"SecureObject"}},"triggers":{"manual":{"type":"Request","kind":"Http","inputs":{"schema":{"type":"object","properties":{"userId":{"type":"string"}}},"method":"POST"}}},"actions":{"Get_the_cases_assigned_to_Owner_(userId)_and_Status_is_'In_Progress'":{"runAfter":{"Initialize_Variable_to_keep_Customer_(Contact)_Data":["Succeeded"]},"metadata":{"flowSystemMetadata":{"swaggerOperationId":"GetItems"}},"type":"ApiConnection","inputs":{"host":{"connection":{"name":"@parameters('$connections')['shared_dynamicscrmonline']['connectionId']"},"api":{"runtimeUrl":"https://unitedstates-002.azure-apim.net/apim/dynamicscrmonline"}},"method":"get","path":"/datasets/@{encodeURIComponent(encodeURIComponent('org8c23eecf.crm'))}/tables/@{encodeURIComponent(encodeURIComponent('incidents'))}/items","queries":{"$filter":"_owninguser_value eq @{triggerBody()?['userId']} and statuscode eq 1","$orderby":"createdon desc","$top":1},"authentication":"@parameters('$authentication')"}},"Apply_to_each":{"foreach":"@body('Get_the_cases_assigned_to_Owner_(userId)_and_Status_is_''In_Progress''')?['value']","actions":{"Fetch_Customer_(Contact)_by_matching_the_ID":{"runAfter":{},"metadata":{"flowSystemMetadata":{"swaggerOperationId":"GetItems"}},"type":"ApiConnection","inputs":{"host":{"connection":{"name":"@parameters('$connections')['shared_dynamicscrmonline']['connectionId']"},"api":{"runtimeUrl":"https://unitedstates-002.azure-apim.net/apim/dynamicscrmonline"}},"method":"get","path":"/datasets/@{encodeURIComponent(encodeURIComponent('org8c23eecf.crm'))}/tables/@{encodeURIComponent(encodeURIComponent('contacts'))}/items","queries":{"$filter":"contactid eq @{items('Apply_to_each')?['_customerid_value']}","$top":1},"authentication":"@parameters('$authentication')"}},"Apply_to_each_2":{"foreach":"@body('Fetch_Customer_(Contact)_by_matching_the_ID')?['value']","actions":{"Append_Customer_(Contact)_Data_to_one_Variable_":{"runAfter":{},"type":"AppendToStringVariable","inputs":{"name":"CustomerData","value":"@{items('Apply_to_each_2')?['fullname']}|@{items('Apply_to_each_2')?['address1_line1']}|@{items('Apply_to_each_2')?['mobilephone']}"}}},"runAfter":{"Fetch_Customer_(Contact)_by_matching_the_ID":["Succeeded"]},"type":"Foreach"}},"runAfter":{"Get_the_cases_assigned_to_Owner_(userId)_and_Status_is_'In_Progress'":["Succeeded"]},"type":"Foreach"},"Response":{"runAfter":{"Apply_to_each":["Succeeded"]},"type":"Response","kind":"Http","inputs":{"statusCode":200,"headers":{"application":"json"},"body":"@variables('CustomerData')"}},"Initialize_Variable_to_keep_Customer_(Contact)_Data":{"runAfter":{},"type":"InitializeVariable","inputs":{"variables":[{"name":"CustomerData","type":"String"}]}}},"outputs":{}},"connectionReferences":{"shared_dynamicscrmonline":{"connectionName":"shared-dynamicscrmon-50cee4ba-ca73-42dc-b302-b0a769a1510e","source":"Embedded","id":"/providers/Microsoft.PowerApps/apis/shared_dynamicscrmonline","tier":"NotSpecified"}},"flowFailureAlertSubscribed":false}}